{
  "event": "done",
  "scans": 50,
  "map_points": 2901,
  "bounds_min": [
    -4.05288553237915,
    -8.297592163085938,
    -2.4424142837524414
  ],
  "bounds_max": [
    13.361066818237305,
    7.288983345031738,
    1.6935735940933228
  ],
  "elapsed_sec": 0.36,
  "ply": "/home/keti/lidar2026/data/maps/maptest.ply"
}